date,island,no,lat,lon,id,collar,organ,status,sheet,sheet_corolla_id,fold_state,corolla_length_mm,corolla_width_obs_mm,corolla_area_obs_mm2,corolla_width_fulleq_mm,corolla_area_fulleq_mm2,roi_source,match_iou,has_nectar_guide,guide_coverage_pct,organ_length_mm,qc_flag,throat_width_mm,mouth_width_mm,corolla_aspect_L_W,tube_flare_W_throat,lobe_incision_mm,lobe_incision_ratio,organ_corolla_ratio,organ_status_check
2026.7.4,oshima,1,34.76697,139.37248,1,1,1,s,oshima1,1,folded_half,49.95,34.63,1335.3,69.26,2670.6,iphone,0.925,1,9.85,29.46,,37.93,66.55,0.72,1.83,8.45,0.17,0.59,
2026.7.4,oshima,1,34.76697,139.37248,1,2,2,p,oshima1,2,folded_half,47.41,34.21,1255.9,68.42,2511.8,iphone,0.91,1,10.65,28.83,,37.76,64.52,0.69,1.81,6.43,0.14,0.61,
2026.7.4,oshima,1,34.76697,139.37248,2,3,3,p,oshima1,3,folded_half,45.13,36.58,1304.0,73.16,2608.0,iphone,0.902,1,6.81,28.97,,42.16,70.78,0.62,1.74,5.84,0.13,0.64,
2026.7.4,oshima,1,34.76697,139.37248,2,4,4,s,oshima1,4,folded_half,45.21,30.73,1098.0,61.46,2196.0,iphone,0.916,1,11.61,29.57,,37.08,58.42,0.74,1.66,6.53,0.14,0.65,
2026.7.4,oshima,1,34.76697,139.37248,3,5,5,p,oshima1(2),1,folded_half,35.48,25.4,700.9,50.8,1401.8,iphone,0.909,1,1.98,22.8,,28.45,49.78,0.7,1.79,5.08,0.14,0.64,
2026.7.4,oshima,1,34.76697,139.37248,3,6,6,p,oshima1(2),2,folded_half,35.64,26.75,713.2,53.5,1426.4,iphone,0.911,1,1.37,26.04,,28.96,51.48,0.67,1.85,5.53,0.16,0.73,
2026.7.4,oshima,1,34.76697,139.37248,4,7,7,s,oshima1(2),3,folded_half,47.16,32.68,1212.2,65.36,2424.4,iphone,0.942,1,25.34,29.41,,36.75,64.09,0.72,1.78,8.64,0.18,0.62,
2026.7.4,oshima,1,34.76697,139.37248,5,8,8,s,oshima1(2),4,folded_half,40.3,31.24,968.3,62.48,1936.6,iphone,0.858,1,4.37,29.05,,34.12,59.44,0.65,1.83,6.88,0.17,0.72,
2026.7.4,oshima,1,34.76697,139.37248,5,9,9,s,oshima1(2),5,folded_half,37.93,29.63,921.5,59.26,1843.0,iphone,0.939,1,8.8,20.91,,33.7,56.56,0.64,1.76,4.32,0.11,0.55,
2026.7.4,oshima,4,34.78443,139.4136,1,10,10,s,oshima4,1,folded_half,44.79,31.75,1159.7,63.5,2319.4,iphone,0.942,1,5.58,26.27,,39.71,63.33,0.71,1.6,5.25,0.12,0.59,
2026.7.4,oshima,4,34.78443,139.4136,1,13,13,p,oshima4,4,folded_half,44.96,32.0,1093.8,64.0,2187.6,iphone,0.949,1,4.29,20.46,,33.53,60.11,0.7,1.91,5.93,0.13,0.46,
2026.7.4,oshima,4,34.78443,139.4136,2,14,14,p,oshima4,5,folded_half,38.61,33.61,1066.4,67.22,2132.8,iphone,0.959,1,49.2,22.11,,40.3,67.06,0.57,1.67,3.13,0.08,0.57,
2026.7.4,oshima,4,34.78443,139.4136,2,16,16,p,oshima4,7,folded_half,37.34,30.99,932.4,61.98,1864.8,iphone,0.934,1,45.03,22.15,,35.22,58.25,0.6,1.76,4.23,0.11,0.59,
2026.7.4,oshima,4,34.78443,139.4136,3,11,11,p,oshima4,2,folded_half,34.37,28.02,760.1,56.04,1520.2,iphone,0.923,1,12.97,21.9,,32.43,53.85,0.61,1.73,5.62,0.16,0.64,
2026.7.4,oshima,4,34.78443,139.4136,3,12,12,s,oshima4,3,folded_half,34.63,27.26,763.9,54.52,1527.8,iphone,0.94,1,31.68,23.37,,29.8,49.45,0.64,1.83,5.7,0.16,0.67,
2026.7.4,oshima,4,34.78443,139.4136,4,15,15,p,oshima4,6,folded_half,33.53,25.4,695.8,50.8,1391.6,iphone,0.919,1,15.73,22.42,,32.0,46.74,0.66,1.59,5.5,0.16,0.67,
2026.7.4,oshima,4,34.78443,139.4136,5,17,17,s,oshima4,8a,folded_half,31.85,30.85,755.5,61.7,1511.0,hand,,1,9.22,20.58,split_from_merged_pair,40.98,57.49,0.52,1.51,7.37,0.23,0.65,
2026.7.4,oshima,4,34.78443,139.4136,5,18,17,p,oshima4,8b,folded_half,34.43,30.47,732.0,60.94,1464.0,hand,,1,5.92,22.19,split_from_merged_pair,25.57,57.57,0.56,2.38,4.06,0.12,0.64,
2026.7.4,oshima,5,34.7846373,139.4115378,1,19,19,s,oshima5,1,folded_half,31.75,25.99,661.0,51.98,1322.0,iphone,0.913,1,2.31,23.8,,29.46,53.93,0.61,1.76,2.83,0.09,0.75,
2026.7.4,oshima,5,34.7846373,139.4115378,1,20,20,p,oshima5,2,folded_half,31.83,23.96,635.4,47.92,1270.8,iphone,0.891,0,0.31,21.95,,30.14,47.75,0.66,1.59,3.64,0.11,0.69,
2026.7.4,oshima,5,34.7846373,139.4115378,2,21,21,p,oshima5,3,folded_half,31.07,22.35,562.2,44.7,1124.4,iphone,0.943,1,6.15,25.18,,25.06,42.5,0.7,1.78,4.44,0.14,0.81,
2026.7.4,oshima,5,34.7846373,139.4115378,3,22,22,p,oshima5,4,folded_half,33.44,27.01,766.8,54.02,1533.6,iphone,0.927,1,2.04,21.14,,40.47,50.29,0.62,1.33,3.75,0.11,0.63,
2026.7.4,oshima,5,34.7846373,139.4115378,3,23,23,s,oshima5,5,folded_half,32.6,28.7,754.5,57.4,1509.0,iphone,0.942,1,2.34,24.82,,31.16,53.0,0.57,1.84,4.07,0.12,0.76,
2026.7.5,oshima,6,34.78538,139.39223,1,24,24,p,oshima6,1,folded_half,34.88,27.26,726.6,54.52,1453.2,iphone,0.934,1,11.37,23.08,,26.25,52.15,0.64,2.08,4.4,0.13,0.66,
2026.7.5,oshima,6,34.78538,139.39223,1,25,25,p,oshima6,2,folded_half,31.33,23.11,587.0,46.22,1174.0,iphone,0.91,1,10.55,21.3,,27.43,43.69,0.68,1.68,4.57,0.15,0.68,
2026.7.5,oshima,6,34.78538,139.39223,2,26,26,p,oshima6,3,folded_half,33.61,25.57,665.9,51.14,1331.8,iphone,0.939,1,0.51,22.88,,26.08,48.26,0.66,1.96,5.33,0.16,0.68,
2026.7.5,oshima,6,34.78538,139.39223,2,27,27,p,oshima6,4,folded_half,31.41,24.13,631.0,48.26,1262.0,iphone,0.921,1,5.76,20.26,,29.13,46.4,0.65,1.66,4.83,0.15,0.65,
2026.7.5,oshima,6,34.78538,139.39223,3,28,28,s,oshima6,5,folded_half,30.23,21.84,533.0,43.68,1066.0,iphone,0.911,1,12.88,22.92,,25.48,41.15,0.69,1.71,4.49,0.15,0.76,
2026.7.5,oshima,6,34.78538,139.39223,3,29,29,s,oshima6,6,folded_half,29.38,24.3,556.5,48.6,1113.0,iphone,0.918,1,2.89,18.3,,25.74,46.65,0.6,1.89,4.57,0.16,0.62,
2026.7.5,oshima,7,34.78843,139.39223,1,30,30,s,oshima7,1,folded_half,27.35,24.64,535.6,49.28,1071.2,iphone,0.931,1,16.71,23.49,,28.53,44.53,0.55,1.73,4.61,0.17,0.86,
2026.7.5,oshima,7,34.78843,139.39223,1,31,31,p,oshima7,2,folded_half,28.53,23.62,536.2,47.24,1072.4,iphone,0.923,1,0.78,21.25,,33.1,45.21,0.6,1.43,4.35,0.15,0.74,
2026.7.5,oshima,7,34.78843,139.39223,2,32,32,p,oshima7,3,folded_half,26.75,24.72,531.1,49.44,1062.2,iphone,0.921,1,1.27,16.44,,23.37,50.12,0.54,2.12,2.96,0.11,0.61,
2026.7.5,oshima,7,34.78843,139.39223,2,33,33,p,oshima7,4,folded_half,27.6,25.48,560.9,50.96,1121.8,iphone,0.843,1,16.96,13.12,,27.94,52.32,0.54,1.82,3.47,0.13,0.48,
2026.7.5,oshima,7,34.78843,139.39223,3,34,34,s,oshima7,5,folded_half,27.6,26.92,559.6,53.84,1119.2,iphone,0.774,1,75.56,18.68,,25.57,52.83,0.51,2.11,4.83,0.17,0.68,
2026.7.5,oshima,7,34.78843,139.39223,3,35,35,p,oshima7,6,folded_half,32.43,25.57,689.3,51.14,1378.6,iphone,0.923,1,65.02,19.9,,32.51,47.75,0.63,1.57,4.66,0.14,0.61,
2026.7.5,oshima,8,34.72078,139.35477,1,36,36,s,oshima8,1,folded_half,28.45,20.57,472.6,41.14,945.2,iphone,0.934,1,25.66,20.61,,27.09,39.29,0.69,1.52,3.47,0.12,0.72,
2026.7.5,oshima,8,34.72078,139.35477,1,37,37,p,oshima8,2,folded_half,32.85,25.4,721.3,50.8,1442.6,iphone,0.938,1,29.26,21.13,,32.85,49.61,0.65,1.55,2.62,0.08,0.64,
2026.7.5,oshima,8,34.72078,139.35477,2,38,38,p,oshima8,3,folded_half,35.9,24.38,689.6,48.76,1379.2,iphone,0.91,1,58.26,21.52,,30.14,49.95,0.74,1.62,3.89,0.11,0.6,
2026.7.5,oshima,8,34.72078,139.35477,2,39,39,s,oshima8,4,folded_half,29.97,21.59,594.5,43.18,1189.0,iphone,0.959,1,44.42,21.33,,28.28,43.35,0.69,1.53,0.0,0.0,0.71,
2026.7.5,oshima,8,34.72078,139.35477,3,40,40,p,oshima8,5,folded_half,39.37,27.94,916.5,55.88,1833.0,iphone,0.938,1,7.43,23.55,,41.06,55.2,0.7,1.36,4.02,0.1,0.6,
2026.7.5,oshima,8,34.72078,139.35477,3,41,41,p,oshima8,6,folded_half,36.07,23.62,724.2,47.24,1448.4,iphone,0.884,1,18.67,25.96,,30.65,45.04,0.76,1.54,4.77,0.13,0.72,
2026.7.5,oshima,8,34.72078,139.35477,4,42,42,p,oshima8,7,folded_half,36.37,28.7,755.6,57.4,1511.2,iphone,0.904,1,22.69,23.78,,34.37,53.17,0.63,1.67,4.06,0.11,0.65,
2026.7.5,oshima,8,34.72078,139.35477,4,43,43,p,oshima8,8,folded_half,40.13,28.28,912.5,56.56,1825.0,iphone,0.941,1,63.04,20.83,,37.34,54.69,0.71,1.51,4.82,0.12,0.52,
2026.7.5,oshima,8,34.72078,139.35477,5,44,44,p,oshima8-9,1,folded_half,30.31,19.9,540.9,39.8,1081.8,iphone,0.896,1,23.53,23.1,,28.28,37.93,0.76,1.41,2.84,0.09,0.76,
2026.7.5,oshima,8,34.72078,139.35477,5,45,45,p,oshima8-9,2,folded_half,33.61,21.51,569.7,43.02,1139.4,iphone,0.934,1,28.65,21.51,,26.33,41.15,0.78,1.63,4.13,0.12,0.64,
2026.7.5,oshima,8,34.72078,139.35477,6,47,47,p,oshima8-9,4,folded_half,33.78,28.28,759.5,56.56,1519.0,iphone,0.937,1,28.08,22.57,,33.36,56.22,0.6,1.7,2.79,0.08,0.67,
2026.7.5,oshima,8,34.72078,139.35477,6,48,48,s,oshima8-9,5,folded_half,28.79,20.57,458.0,41.14,916.0,iphone,0.933,1,45.39,19.64,,28.28,40.81,0.7,1.45,5.16,0.18,0.68,
2026.7.5,oshima,8,34.72078,139.35477,7,50,50,s,oshima8-9,7,folded_half,31.75,22.94,657.9,45.88,1315.8,iphone,0.799,1,11.13,18.6,,27.94,49.11,0.69,1.64,4.32,0.14,0.59,
2026.7.5,oshima,8,34.72078,139.35477,7,51,51,s,oshima8-9,8,folded_half,30.56,25.15,588.5,50.3,1177.0,iphone,0.927,1,10.57,20.08,,29.97,44.11,0.61,1.68,5.53,0.18,0.66,
2026.7.5,oshima,8,34.72078,139.35477,8,53,53,s,oshima8-9,10,folded_half,34.21,29.21,787.9,58.42,1575.8,iphone,0.913,1,10.52,19.13,,36.41,55.03,0.59,1.6,3.64,0.11,0.56,
2026.7.5,oshima,8,34.72078,139.35477,8,54,54,p,oshima8-9,11,folded_half,33.44,26.67,718.5,53.34,1437.0,iphone,0.933,1,6.14,17.3,,38.86,47.92,0.63,1.37,5.25,0.16,0.52,
2026.7.5,oshima,9,34.68577,139.3975,1,46,na,na,oshima8-9,3,folded_half,32.09,22.52,614.3,45.04,1228.6,iphone,0.912,1,4.65,,,34.46,42.5,0.71,1.31,3.56,0.11,,
2026.7.5,oshima,9,34.68577,139.3975,1,49,49,p,oshima8-9,6,folded_half,33.78,23.28,672.2,46.56,1344.4,iphone,0.916,1,6.99,20.13,,35.64,46.4,0.73,1.31,3.13,0.09,0.6,
2026.7.5,oshima,9,34.68577,139.3975,2,52,52,p,oshima8-9,9,folded_half,42.5,26.5,922.9,53.0,1845.8,iphone,0.86,1,48.05,22.87,,32.17,52.15,0.8,1.65,6.18,0.15,0.54,
2026.7.5,oshima,9,34.68577,139.3975,2,55,55,s,oshima8-9,12,folded_half,42.16,28.28,974.8,56.56,1949.6,iphone,0.914,1,24.16,20.93,,36.41,56.22,0.75,1.55,3.81,0.09,0.5,
2026.7.5,oshima,9,34.68577,139.3975,3,56,56,s,oshima8-9,13,folded_half,43.86,29.46,1039.0,58.92,2078.0,iphone,0.931,1,21.82,22.78,,33.95,56.22,0.74,1.74,3.64,0.08,0.52,
2026.7.5,oshima,9,34.68577,139.3975,3,57,57,s,oshima8-9,14,folded_half,38.35,21.84,727.1,43.68,1454.2,iphone,0.923,1,18.15,21.71,,32.51,42.67,0.88,1.34,3.64,0.09,0.57,
2026.7.5,oshima,10,34.68464,139.43596,1,58,58,p,oshima10-13,1,folded_half,33.87,21.84,571.9,43.68,1143.8,iphone,0.931,1,27.29,20.54,,26.84,43.52,0.78,1.63,4.09,0.12,0.61,
2026.7.5,oshima,10,34.68464,139.43596,2,59,59,s,oshima10-13,2,folded_half,39.03,26.25,805.7,52.5,1611.4,iphone,0.921,1,19.88,21.17,,30.48,50.8,0.74,1.72,4.17,0.11,0.54,
2026.7.5,oshima,10,34.68464,139.43596,2,60,60,p,oshima10-13,3,folded_half,39.29,26.92,855.2,53.84,1710.4,iphone,0.949,1,11.35,23.16,,33.78,52.66,0.73,1.59,4.32,0.11,0.59,
2026.7.5,oshima,11,34.69635,139.44916,1,61,61,p,oshima10-13,4,folded_half,39.71,26.75,859.4,53.5,1718.8,iphone,0.949,1,39.8,23.46,,29.29,53.51,0.74,1.83,4.14,0.1,0.59,
2026.7.5,oshima,11,34.69635,139.44916,1,62,62,p,oshima10-13,5,folded_half,35.9,27.52,813.7,55.04,1627.4,iphone,0.962,1,43.19,21.85,,35.56,53.68,0.65,1.55,4.18,0.12,0.61,
2026.7.5,oshima,11,34.69635,139.44916,2,63,63,s,oshima10-13,6,folded_half,38.18,24.81,741.0,49.62,1482.0,iphone,0.898,1,33.17,22.87,,28.62,43.01,0.77,1.73,6.78,0.18,0.6,
2026.7.5,oshima,11,34.69635,139.44916,2,64,64,p,oshima10-13,7,folded_half,38.86,25.91,815.9,51.82,1631.8,iphone,0.854,1,29.14,21.17,,31.41,48.26,0.75,1.65,5.77,0.15,0.54,
2026.7.5,oshima,11,34.69635,139.44916,3,65,65,s,oshima10-13,8,folded_half,24.05,21.08,417.6,42.16,835.2,iphone,0.937,1,39.65,14.74,,28.45,41.32,0.57,1.48,2.88,0.12,0.61,
2026.7.5,oshima,11,34.69635,139.44916,3,66,66,p,oshima10-13,9,folded_half,23.71,21.0,393.1,42.0,786.2,iphone,0.92,1,31.36,13.82,,26.84,40.47,0.56,1.56,2.46,0.1,0.58,
2026.7.5,oshima,11,34.69635,139.44916,4,67,67,s,oshima10-13,10,folded_half,31.24,22.44,583.2,44.88,1166.4,iphone,0.915,1,44.31,18.51,,30.65,43.18,0.7,1.46,3.55,0.11,0.59,
2026.7.5,oshima,11,34.69635,139.44916,4,68,68,p,oshima10-13,11,folded_half,34.12,22.35,572.9,44.7,1145.8,iphone,0.849,1,55.67,21.21,,31.58,27.26,0.76,1.42,12.43,0.36,0.62,
2026.7.5,oshima,12,34.78322,139.41216,1,69,69,s,oshima10-13,12,folded_half,32.26,23.11,628.6,46.22,1257.2,iphone,0.943,1,25.11,27.59,,26.08,45.38,0.7,1.77,2.03,0.06,0.86,
2026.7.5,oshima,12,34.78322,139.41216,1,70,70,p,oshima10-13,13,folded_half,36.83,23.2,688.3,46.4,1376.6,iphone,0.945,1,18.47,25.77,,29.46,43.18,0.79,1.57,4.57,0.12,0.7,
2026.7.5,oshima,12,34.78322,139.41216,2,71,71,p,oshima10-13,14,folded_half,41.57,26.42,897.3,52.84,1794.6,iphone,0.932,1,36.15,22.11,,37.34,52.15,0.79,1.42,6.18,0.15,0.53,
2026.7.5,oshima,12,34.78322,139.41216,2,72,72,p,oshima10-13,15,folded_half,39.37,24.98,858.4,49.96,1716.8,iphone,0.944,1,44.85,23.84,,38.1,45.38,0.79,1.31,5.67,0.14,0.61,
2026.7.5,oshima,13,34.77117,139.35234,1,73,73,s,oshima10-13,16,folded_half,34.8,22.18,599.3,44.36,1198.6,iphone,0.901,1,1.96,20.67,,23.88,43.77,0.78,1.86,4.4,0.13,0.59,
2026.7.5,oshima,13,34.77117,139.35234,1,74,74,s,oshima10-13,17,folded_half,36.58,27.69,921.6,55.38,1843.2,iphone,0.923,0,0.6,22.53,,29.72,55.54,0.66,1.86,3.47,0.09,0.62,
2026.7.5,oshima,13,34.77117,139.35234,2,75,75,s,oshima10-13,18,folded_half,32.09,26.16,673.4,52.32,1346.8,iphone,0.924,1,7.42,23.12,,31.83,48.43,0.61,1.64,4.33,0.13,0.72,
2026.7.5,oshima,13,34.77117,139.35234,3,79,79,p,oshima13-15,4,folded_half,29.46,26.16,628.8,52.32,1257.6,iphone,0.929,1,0.41,24.14,,29.8,51.65,0.56,1.76,1.02,0.03,0.82,
2026.7.5,oshima,13,34.77117,139.35234,3,76,76,s,oshima13-15,1,folded_half,32.0,23.88,584.7,47.76,1169.4,iphone,0.911,1,7.3,20.35,,23.71,46.74,0.67,2.01,2.12,0.07,0.64,
2026.7.5,oshima,13,34.77117,139.35234,4,77,77,p,oshima13-15,2,folded_half,40.64,30.73,902.9,61.46,1805.8,iphone,0.873,1,1.05,26.36,,28.7,59.61,0.66,2.14,5.73,0.14,0.65,
2026.7.5,oshima,13,34.77117,139.35234,4,78,78,s,oshima13-15,3,folded_half,33.87,26.08,702.5,52.16,1405.0,iphone,0.901,1,6.9,19.57,,30.56,47.58,0.65,1.71,4.44,0.13,0.58,
2026.7.5,oshima,14,34.7697,139.35234,1,80,80,s,oshima13-15,5,folded_half,37.42,28.7,878.4,57.4,1756.8,iphone,0.964,1,38.24,22.16,,31.67,56.9,0.65,1.81,2.2,0.06,0.59,
2026.7.5,oshima,14,34.7697,139.35234,2,81,81,s,oshima13-15,6,folded_half,43.26,31.41,1056.8,62.82,2113.6,iphone,0.904,1,22.77,28.7,,31.5,61.81,0.69,1.99,4.66,0.11,0.66,
2026.7.5,oshima,14,34.7697,139.35234,2,82,82,s,oshima13-15,7,folded_half,37.34,26.25,803.5,52.5,1607.0,iphone,0.932,1,20.0,26.08,,31.07,52.32,0.71,1.69,3.84,0.1,0.7,
2026.7.5,oshima,14,34.7697,139.35234,3,83,83,s,oshima13-15,8,folded_half,41.99,28.62,1029.3,57.24,2058.6,iphone,0.878,1,28.67,28.47,,33.61,56.05,0.73,1.7,5.62,0.13,0.68,
2026.7.5,oshima,14,34.7697,139.35234,3,84,84,s,oshima13-15,9,folded_half,42.08,32.17,1099.0,64.34,2198.0,iphone,0.933,1,22.87,28.07,,38.69,63.16,0.65,1.66,4.52,0.11,0.67,
2026.7.5,oshima,15,34.76532,139.34987,1,85,85,p,oshima13-15,10,folded_half,47.92,27.52,1034.3,55.04,2068.6,iphone,0.916,1,2.85,24.4,,33.95,52.32,0.87,1.62,6.52,0.14,0.51,
2026.7.5,oshima,15,34.76532,139.34987,1,86,86,p,oshima13-15,11,folded_half,48.68,31.16,1145.8,62.32,2291.6,iphone,0.925,1,4.56,26.6,,34.88,60.03,0.78,1.79,6.94,0.14,0.55,
2026.7.5,oshima,15,34.76532,139.34987,2,87,87,p,oshima13-15,12,folded_half,44.11,30.73,1078.2,61.46,2156.4,iphone,0.928,1,2.72,24.45,,32.34,61.89,0.72,1.9,6.08,0.14,0.55,
2026.7.5,oshima,15,34.76532,139.34987,2,88,88,s,oshima13-15,13,folded_half,42.5,29.72,1013.7,59.44,2027.4,iphone,0.922,1,6.3,27.5,,31.5,56.9,0.72,1.89,5.23,0.12,0.65,
2026.7.6,toshima,1,34.53122,139.27763,1,89,89,s,toshima1-2,1,folded_half,27.94,18.12,451.0,36.24,902.0,iphone,0.916,1,3.66,15.38,,30.73,34.37,0.77,1.18,3.97,0.14,0.55,
2026.7.6,toshima,1,34.53122,139.27763,1,90,90,s,toshima1-2,2,folded_half,24.38,15.83,320.5,31.66,641.0,iphone,0.943,1,3.18,16.39,,21.67,30.14,0.77,1.46,2.65,0.11,0.67,
2026.7.6,toshima,1,34.53122,139.27763,2,91,91,p,toshima1-2,3,folded_half,28.53,19.98,456.9,39.96,913.8,iphone,0.91,0,0.13,19.41,,28.11,39.29,0.71,1.42,3.0,0.11,0.68,
2026.7.6,toshima,1,34.53122,139.27763,2,92,92,s,toshima1-2,4,folded_half,29.29,17.61,426.2,35.22,852.4,iphone,0.939,1,1.09,18.21,,27.09,34.54,0.83,1.3,5.33,0.18,0.62,
2026.7.6,toshima,1,34.53122,139.27763,3,93,93,p,toshima1-2,5,folded_half,25.4,16.26,333.9,32.52,667.8,iphone,0.91,1,0.65,16.3,,22.35,32.0,0.78,1.45,2.88,0.11,0.64,
2026.7.6,toshima,1,34.53122,139.27763,4,94,94,s,toshima1-2,6,folded_half,28.36,20.66,479.6,41.32,959.2,iphone,0.925,1,1.31,16.9,,26.42,39.96,0.69,1.56,3.3,0.12,0.6,
2026.7.6,toshima,1,34.53122,139.27763,5,95,95,p,toshima1-2,7,folded_half,31.75,23.11,537.6,46.22,1075.2,iphone,0.936,1,4.51,18.42,,31.16,42.59,0.69,1.48,4.74,0.15,0.58,
2026.7.6,toshima,1,34.53122,139.27763,6,96,96,s,toshima1-2,8,folded_half,24.21,18.97,377.0,37.94,754.0,iphone,0.945,1,8.59,17.27,,28.53,35.14,0.64,1.33,3.3,0.14,0.71,
2026.7.6,toshima,1,34.53122,139.27763,7,97,97,s,toshima1-2,9,folded_half,30.48,20.66,490.9,41.32,981.8,iphone,0.944,1,4.36,16.33,,26.25,39.62,0.74,1.57,3.06,0.1,0.54,
2026.7.6,toshima,1,34.53122,139.27763,7,98,98,s,toshima1-2,10,folded_half,32.17,26.33,747.5,52.66,1495.0,iphone,0.899,1,4.98,20.26,,37.08,49.95,0.61,1.42,6.01,0.19,0.63,
2026.7.6,toshima,1,34.53122,139.27763,8,99,99,s,toshima1-2,11,folded_half,32.43,23.2,617.8,46.4,1235.6,iphone,0.852,1,1.26,18.92,,28.62,45.64,0.7,1.62,5.06,0.16,0.58,
2026.7.6,toshima,2,34.53157,139.27893,1,100,100,s,toshima1-2,12,folded_half,26.84,18.8,392.7,37.6,785.4,iphone,0.934,1,0.58,18.17,,24.13,36.91,0.71,1.56,3.73,0.14,0.68,
2026.7.6,toshima,2,34.53157,139.27893,2,101,101,s,toshima1-2,13,folded_half,33.1,24.13,579.6,48.26,1159.2,iphone,0.92,1,0.29,18.31,,26.75,46.74,0.69,1.8,6.94,0.21,0.55,
2026.7.6,toshima,2,34.53157,139.27893,2,102,102,s,toshima1-2,14,folded_half,24.64,21.25,408.5,42.5,817.0,iphone,0.828,1,0.4,14.54,,23.03,42.16,0.58,1.85,3.3,0.13,0.59,
2026.7.6,toshima,2,34.53157,139.27893,4,103,103,p,toshima1-2,15,folded_half,32.0,28.28,692.3,56.56,1384.6,iphone,0.95,0,0.04,20.87,,26.33,55.37,0.57,2.15,2.46,0.08,0.65,
2026.7.6,toshima,2,34.53157,139.27893,4,104,104,p,toshima1-2,16,folded_half,26.67,24.47,496.9,48.94,993.8,iphone,0.87,1,0.33,17.45,,27.43,48.77,0.54,1.78,4.37,0.16,0.65,
2026.7.6,toshima,2,34.53157,139.27893,3,105,105,s,toshima1-2,17,folded_half,28.19,26.5,575.6,53.0,1151.2,iphone,0.923,0,0.02,13.33,,32.77,52.15,0.53,1.62,5.25,0.19,0.47,
2026.7.6,toshima,2,34.53157,139.27893,5,106,106,p,toshima2-3,1,folded_half,29.04,22.86,561.4,45.72,1122.8,iphone,0.931,1,2.6,18.28,,30.14,44.53,0.64,1.52,3.3,0.11,0.63,
2026.7.6,toshima,2,34.53157,139.27893,6,107,107,p,toshima2-3,2,folded_half,33.78,24.21,658.7,48.42,1317.4,iphone,0.912,0,0.0,19.5,,27.35,48.6,0.7,1.77,5.16,0.15,0.58,
2026.7.6,toshima,2,34.53157,139.27893,6,108,108,p,toshima2-3,3,folded_half,30.48,22.61,533.0,45.22,1066.0,iphone,0.805,0,0.17,18.74,,27.94,45.04,0.67,1.62,6.37,0.21,0.61,
2026.7.6,toshima,2,34.53157,139.27893,7,109,109,p,toshima2-3,4,folded_half,21.76,18.46,302.4,36.92,604.8,iphone,0.948,1,0.73,13.58,,25.32,35.05,0.59,1.46,5.11,0.23,0.62,
2026.7.6,toshima,2,34.53157,139.27893,7,110,110,s,toshima2-3,5,folded_half,19.47,15.41,242.7,30.82,485.4,iphone,0.915,1,3.3,11.59,,18.97,29.97,0.63,1.63,2.62,0.13,0.6,
2026.7.6,toshima,2,34.53157,139.27893,8,111,111,s,toshima2-3,6,folded_half,34.12,22.69,637.7,45.38,1275.4,iphone,0.92,1,10.51,21.33,,31.83,44.03,0.75,1.43,5.63,0.17,0.63,
2026.7.6,toshima,2,34.53157,139.27893,8,112,112,s,toshima2-3,7,folded_half,33.36,22.18,633.4,44.36,1266.8,iphone,0.903,1,5.96,19.42,,28.96,43.52,0.75,1.53,4.38,0.13,0.58,
2026.7.6,toshima,2,34.53157,139.27893,9,113,113,s,toshima2-3,8,folded_half,36.15,22.94,655.1,45.88,1310.2,iphone,0.92,1,4.68,21.03,,28.11,44.03,0.79,1.63,5.04,0.14,0.58,
2026.7.6,toshima,2,34.53157,139.27893,9,114,114,p,toshima2-3,9,folded_half,34.54,24.55,643.9,49.1,1287.8,iphone,0.887,1,5.02,17.87,,31.33,39.45,0.7,1.57,8.3,0.24,0.52,
2026.7.6,toshima,2,34.53157,139.27893,10,115,115,s,toshima2-3,10,folded_half,28.19,22.78,508.1,45.56,1016.2,iphone,0.914,1,0.39,16.85,,26.67,44.87,0.62,1.71,5.05,0.18,0.6,
2026.7.6,toshima,2,34.53157,139.27893,10,116,116,s,toshima2-3,11,folded_half,27.6,21.34,422.4,42.68,844.8,iphone,0.903,1,0.83,18.45,,21.0,41.32,0.65,2.03,3.81,0.14,0.67,
2026.7.6,toshima,2,34.53157,139.27893,11,117,117,p,toshima2-3,12,folded_half,28.36,24.13,523.7,48.26,1047.4,iphone,0.874,0,0.15,18.31,,29.8,45.21,0.59,1.62,5.67,0.2,0.65,
2026.7.6,toshima,3,34.5314,139.27907,1,118,118,p,toshima2-3,13,folded_half,28.11,24.13,501.5,48.26,1003.0,iphone,0.902,1,0.87,16.64,,25.48,47.58,0.58,1.89,5.86,0.21,0.59,
2026.7.6,toshima,3,34.5314,139.27907,1,119,119,p,toshima2-3,14,folded_half,30.65,25.06,592.4,50.12,1184.8,iphone,0.896,1,0.26,15.17,,26.92,48.6,0.61,1.86,4.57,0.15,0.49,
2026.7.6,toshima,3,34.5314,139.27907,2,120,120,p,toshima2-3,15,folded_half,32.85,25.99,637.3,51.98,1274.6,iphone,0.928,1,0.55,18.94,,31.83,50.12,0.63,1.63,6.35,0.19,0.58,
2026.7.6,toshima,3,34.5314,139.27907,2,121,121,s,toshima2-3,16,folded_half,30.06,24.89,584.3,49.78,1168.6,iphone,0.922,1,0.58,18.68,,28.02,49.11,0.6,1.78,4.5,0.15,0.62,
2026.7.6,toshima,3,34.5314,139.27907,3,122,122,p,toshima3-6,1,folded_half,24.72,22.01,457.2,44.02,914.4,iphone,0.928,1,0.63,15.01,,29.97,36.66,0.56,1.47,5.67,0.23,0.61,
2026.7.6,toshima,3,34.5314,139.27907,3,123,123,p,toshima3-6,2,folded_half,27.43,19.9,432.4,39.8,864.8,iphone,0.91,0,0.14,15.73,,24.38,38.95,0.69,1.63,3.89,0.14,0.57,
2026.7.6,toshima,3,34.5314,139.27907,4,124,124,s,toshima3-6,3,folded_half,21.0,16.68,291.9,33.36,583.8,iphone,0.93,1,2.09,12.75,,24.47,31.24,0.63,1.36,3.73,0.18,0.61,
2026.7.6,toshima,3,34.5314,139.27907,4,125,125,p,toshima3-6,4,folded_half,24.72,17.53,351.0,35.06,702.0,iphone,0.917,1,10.41,14.55,,25.74,34.37,0.71,1.36,3.33,0.13,0.59,
2026.7.6,toshima,3,34.5314,139.27907,5,126,126,s,toshima3-6,5,opened_full,26.92,41.57,729.9,41.57,729.9,iphone,0.892,0,0.0,17.9,,22.69,34.08,0.65,1.83,7.95,0.3,0.66,
2026.7.6,toshima,3,34.5314,139.27907,5,127,127,s,toshima3-6,6,folded_half,19.13,15.58,243.6,31.16,487.2,iphone,0.926,0,0.0,14.52,,21.17,26.16,0.61,1.47,3.97,0.21,0.76,
2026.7.6,toshima,4,34.5157985,139.27774,1,128,128,s,toshima3-6,7,folded_half,32.26,26.42,676.8,52.84,1353.6,iphone,0.856,1,4.71,23.1,,27.6,50.8,0.61,1.91,4.74,0.15,0.72,
2026.7.6,toshima,4,34.5157985,139.27774,1,129,129,s,toshima3-6,8,folded_half,32.43,25.91,612.7,51.82,1225.4,iphone,0.928,1,3.0,22.45,,28.28,50.04,0.63,1.83,4.15,0.13,0.69,
2026.7.6,toshima,5,34.5316887,139.2788761,1,130,130,p,toshima3-6,9,folded_half,35.73,26.16,760.6,52.32,1521.2,iphone,0.911,1,0.27,18.94,,36.24,51.31,0.68,1.44,4.93,0.14,0.53,
2026.7.6,toshima,5,34.5316887,139.2788761,1,131,131,s,toshima3-6,10,folded_half,31.07,23.45,538.9,46.9,1077.8,iphone,0.939,1,0.2,17.49,,24.72,45.21,0.66,1.9,4.91,0.16,0.56,
2026.7.6,toshima,5,34.5316887,139.2788761,2,132,132,s,toshima3-6,11,folded_half,31.33,27.18,701.9,54.36,1403.8,iphone,0.96,1,0.62,19.42,,34.54,53.26,0.58,1.57,2.54,0.08,0.62,
2026.7.6,toshima,5,34.5316887,139.2788761,2,133,133,p,toshima3-6,12,folded_half,34.46,26.08,760.1,52.16,1520.2,iphone,0.952,1,0.29,19.93,,36.75,51.99,0.66,1.42,2.4,0.07,0.58,
2026.7.6,toshima,6,34.5316887,139.2788761,1,134,134,p,toshima3-6,13,folded_half,31.07,19.56,515.3,39.12,1030.6,iphone,0.935,1,6.95,18.34,,28.45,37.42,0.79,1.38,3.42,0.11,0.59,
2026.7.6,toshima,6,34.5316887,139.2788761,1,135,135,s,toshima3-6,14,folded_half,26.84,18.46,419.3,36.92,838.6,iphone,0.94,1,6.34,18.44,,27.94,35.56,0.73,1.32,3.39,0.13,0.69,
2026.7.6,toshima,6,34.5316887,139.2788761,2,136,136,p,toshima3-6,15,folded_half,28.45,22.94,498.6,45.88,997.2,iphone,0.954,1,1.34,15.79,,29.46,44.87,0.62,1.56,5.5,0.19,0.56,
2026.7.6,toshima,6,34.5316887,139.2788761,3,137,137,s,toshima6-8,1,folded_half,26.67,21.51,445.6,43.02,891.2,iphone,0.892,1,16.25,18.05,,27.26,41.15,0.62,1.58,5.59,0.21,0.68,
2026.7.6,toshima,6,34.5316887,139.2788761,3,138,138,p,toshima6-8,2,folded_half,25.82,21.67,437.4,43.34,874.8,iphone,0.897,1,15.17,14.92,,25.48,43.18,0.6,1.7,3.96,0.15,0.58,
2026.7.6,toshima,6,34.5316887,139.2788761,4,139,139,p,toshima6-8,3,opened_full,26.92,38.61,747.3,38.61,747.3,iphone,0.946,1,1.84,20.2,,23.54,29.84,0.7,1.64,8.81,0.33,0.75,
2026.7.6,toshima,6,34.5316887,139.2788761,4,140,140,s,toshima6-8,4,folded_half,26.59,19.3,424.3,38.6,848.6,iphone,0.933,1,3.01,17.41,,28.96,38.27,0.69,1.33,3.64,0.14,0.65,
2026.7.6,toshima,7,34.5250753,139.2702766,1,141,141,s,toshima6-8,5,folded_half,28.11,23.11,524.2,46.22,1048.4,iphone,0.926,1,10.46,18.38,,30.73,45.55,0.61,1.5,4.23,0.15,0.65,
2026.7.6,toshima,7,34.5250753,139.2702766,1,142,142,p,toshima6-8,6,folded_half,32.51,24.72,679.8,49.44,1359.6,iphone,0.924,1,7.62,21.59,,27.43,47.41,0.66,1.8,4.15,0.13,0.66,
2026.7.6,toshima,7,34.5250753,139.2702766,2,143,143,p,toshima6-8,7,folded_half,28.96,24.21,577.7,48.42,1155.4,iphone,0.898,1,6.24,20.48,,29.13,46.23,0.6,1.66,4.39,0.15,0.71,
2026.7.6,toshima,7,34.5250753,139.2702766,2,144,144,s,toshima6-8,8,folded_half,23.71,21.0,404.6,42.0,809.2,iphone,0.889,1,6.61,18.68,,22.35,40.13,0.56,1.88,2.37,0.1,0.79,
2026.7.6,toshima,8,34.52831,139.2711,1,145,145,s,toshima6-8,9,folded_half,32.34,26.08,671.5,52.16,1343.0,iphone,0.87,1,2.56,21.52,,30.56,50.88,0.62,1.71,5.18,0.16,0.67,
2026.7.6,toshima,8,34.52831,139.2711,2,146,146,p,toshima6-8,10,folded_half,31.16,34.04,766.7,68.08,1533.4,iphone,0.819,1,0.36,17.82,,34.04,61.3,0.46,2.0,6.1,0.2,0.57,
2026.7.6,toshima,8,34.52831,139.2711,2,147,147,s,toshima6-8,11,folded_half,32.68,29.13,721.2,58.26,1442.4,iphone,0.888,1,0.19,18.78,,31.07,58.59,0.56,1.87,6.6,0.2,0.57,
2026.7.6,toshima,8,34.52831,139.2711,3,148,148,s,toshima6-8,12a,folded_half,34.46,30.4,755.5,60.8,1511.0,hand,,1,3.39,16.78,split_from_merged_pair,38.27,59.94,0.57,1.59,7.45,0.22,0.49,
2026.7.6,toshima,8,34.52831,139.2711,4,150,150,s,toshima6-8,13,folded_half,32.51,26.08,714.8,52.16,1429.6,iphone,0.811,1,0.35,20.43,,26.67,50.63,0.62,1.96,6.69,0.21,0.63,
2026.7.6,toshima,8,34.52831,139.2711,4,151,151,s,toshima6-8,14,folded_half,35.98,26.92,826.0,53.84,1652.0,iphone,0.88,1,0.49,21.27,,29.63,51.65,0.67,1.82,0.76,0.02,0.59,
2026.7.6,toshima,8,34.52831,139.2711,5,152,152,s,toshima6-8,15,folded_half,28.87,22.18,487.4,44.36,974.8,iphone,0.875,0,0.05,16.64,,16.43,46.74,0.65,2.7,5.5,0.19,0.58,
2026.7.6,toshima,8,34.52831,139.2711,5,149,149,p,toshima6-8,12b,folded_half,33.96,26.27,642.3,52.54,1284.6,hand,,0,0.01,21.33,split_from_merged_pair,31.92,51.31,0.65,1.65,5.38,0.16,0.63,
2026.7.7,niijima,1,34.36122,139.25633,1,153,153,p,niijiama1-2,1,folded_half,32.77,23.54,577.9,47.08,1155.8,iphone,0.919,1,3.0,17.77,,39.29,43.94,0.7,1.2,8.93,0.27,0.54,
2026.7.7,niijima,1,34.36122,139.25633,1,154,154,p,niijiama1-2,2,folded_half,33.95,25.57,679.2,51.14,1358.4,iphone,0.923,1,4.22,17.48,,37.34,48.09,0.66,1.37,7.51,0.22,0.51,
2026.7.7,niijima,1,34.36122,139.25633,1,155,155,s,niijiama1-2,3,folded_half,31.67,24.64,581.7,49.28,1163.4,iphone,0.938,1,32.11,17.92,,28.79,47.75,0.64,1.71,5.5,0.17,0.57,
2026.7.7,niijima,2,34.4126,139.27922,1,156,156,p,niijiama1-2,4,folded_half,27.77,23.62,544.6,47.24,1089.2,iphone,0.838,0,0.1,15.17,,26.25,45.72,0.59,1.8,5.08,0.18,0.55,
2026.7.7,niijima,2,34.4126,139.27922,1,157,157,p,niijiama1-2,5,folded_half,28.7,26.59,575.2,53.18,1150.4,iphone,0.944,0,0.01,18.37,,24.98,52.49,0.54,2.13,4.4,0.15,0.64,
2026.7.7,niijima,2,34.4126,139.27922,2,158,158,p,niijiama1-2,6,folded_half,31.33,25.99,610.6,51.98,1221.2,iphone,0.948,0,0.02,19.39,,26.75,51.14,0.6,1.94,4.4,0.14,0.62,
2026.7.7,niijima,2,34.4126,139.27922,2,159,159,s,niijiama1-2,7,folded_half,29.72,25.15,628.4,50.3,1256.8,iphone,0.882,0,0.03,18.16,,31.33,49.45,0.59,1.61,5.0,0.17,0.61,
2026.7.7,niijima,2,34.4126,139.27922,3,160,160,p,niijiama1-2,8,folded_half,27.86,25.23,525.2,50.46,1050.4,iphone,0.911,0,0.02,17.8,,23.62,49.78,0.55,2.14,2.29,0.08,0.64,
2026.7.7,niijima,2,34.4126,139.27922,3,161,161,p,niijiama1-2,9,folded_half,25.74,21.42,432.2,42.84,864.4,iphone,0.899,0,0.0,16.13,,22.86,43.01,0.6,1.87,3.3,0.13,0.63,
2026.7.7,niijima,2,34.4126,139.27922,4,162,162,s,niijiama1-2,10,folded_half,32.77,30.48,744.8,60.96,1489.6,iphone,0.906,1,25.29,19.95,,30.31,61.47,0.54,2.01,6.33,0.19,0.61,
2026.7.7,niijima,2,34.4126,139.27922,5,163,163,s,niijiama1-2,11,folded_half,29.72,24.55,565.9,49.1,1131.8,iphone,0.939,1,19.17,16.47,,27.6,48.43,0.61,1.78,5.1,0.17,0.55,
2026.7.7,niijima,2,34.4126,139.27922,5,164,164,p,niijiama1-2,12,folded_half,26.33,25.4,535.9,50.8,1071.8,iphone,0.919,1,2.8,15.26,,31.16,48.09,0.52,1.63,4.32,0.16,0.58,
2026.7.7,niijima,2,34.4126,139.27922,6,165,165,p,niijiama1-2,13,folded_half,24.98,23.45,450.1,46.9,900.2,iphone,0.929,1,9.15,15.97,,23.54,46.4,0.53,1.99,4.06,0.16,0.64,
2026.7.7,niijima,2,34.4126,139.27922,7,166,166,s,niijiama1-2,14,folded_half,28.53,23.37,507.3,46.74,1014.6,iphone,0.937,1,18.6,17.89,,26.33,45.72,0.61,1.78,4.57,0.16,0.63,
2026.7.7,niijima,2,34.4126,139.27922,7,167,167,s,niijiama1-2,15,folded_half,27.26,22.44,472.3,44.88,944.6,iphone,0.881,1,31.48,16.33,,26.59,45.97,0.61,1.69,4.66,0.17,0.6,
2026.7.7,niijima,2,34.4126,139.27922,8,168,168,s,niijiama1-2,16,folded_half,24.81,22.69,449.4,45.38,898.8,iphone,0.94,1,20.48,15.93,,26.92,45.04,0.55,1.69,2.88,0.12,0.64,
2026.7.7,niijima,2,34.4126,139.27922,8,169,169,s,niijiama1-2,17,opened_full,32.0,51.39,1378.9,51.39,1378.9,iphone,0.809,1,19.05,16.9,,31.58,32.09,0.62,1.63,10.34,0.32,0.53,
2026.7.7,niijima,2,34.4126,139.27922,9,170,170,p,niijima2,1,folded_half,29.04,25.65,565.9,51.3,1131.8,iphone,0.933,1,23.59,18.51,,29.38,51.05,0.57,1.75,4.91,0.17,0.64,
2026.7.7,niijima,2,34.4126,139.27922,10,171,171,p,niijima2,2,folded_half,29.21,24.13,555.1,48.26,1110.2,iphone,0.928,1,31.52,19.37,,28.96,47.16,0.61,1.67,6.6,0.23,0.66,
2026.7.7,niijima,2,34.4126,139.27922,10,172,172,p,niijima2,3,folded_half,32.09,22.86,544.9,45.72,1089.8,iphone,0.902,1,21.71,16.55,,19.9,46.74,0.7,2.3,5.16,0.16,0.52,
2026.7.7,niijima,2,34.4126,139.27922,11,173,173,p,niijima2,4,folded_half,38.02,31.67,915.7,63.34,1831.4,iphone,0.922,1,1.06,19.04,,33.02,64.52,0.6,1.92,6.03,0.16,0.5,
2026.7.7,niijima,2,34.4126,139.27922,11,175,175,p,niijima2,6a,folded_half,39.88,33.36,940.8,66.72,1881.6,hand,,1,1.5,18.06,split_from_merged_pair,35.56,64.77,0.6,1.88,7.28,0.18,0.45,
2026.7.7,niijima,2,34.4126,139.27922,12,174,174,p,niijima2,5,folded_half,31.24,29.63,676.8,59.26,1353.6,iphone,0.934,1,2.87,17.94,,31.07,58.08,0.53,1.91,4.91,0.16,0.57,
2026.7.7,niijima,2,34.4126,139.27922,13,177,177,p,niijima2,7,folded_half,32.85,26.42,657.5,52.84,1315.0,iphone,0.904,1,3.58,18.8,,27.94,50.38,0.62,1.89,6.18,0.19,0.57,
2026.7.7,niijima,2,34.4126,139.27922,13,176,176,s,niijima2,6b,folded_half,34.51,28.8,756.6,57.6,1513.2,hand,,1,15.81,19.25,split_from_merged_pair,31.67,57.07,0.6,1.82,4.57,0.13,0.56,
2026.7.7,niijima,2,34.4126,139.27922,14,179,179,s,niijima2,9a,folded_half,32.85,29.29,760.0,58.58,1520.0,hand,,1,9.5,18.57,split_from_merged_pair,37.08,57.91,0.56,1.58,4.32,0.13,0.57,
2026.7.7,niijima,2,34.4126,139.27922,14,178,178,p,niijima2,8,folded_half,30.99,29.29,705.5,58.58,1411.0,iphone,0.92,0,0.26,18.81,,33.19,58.76,0.53,1.77,4.57,0.15,0.61,
2026.7.7,niijima,2,34.4126,139.27922,15,181,181,p,niijima2,10,folded_half,31.41,27.35,634.8,54.7,1269.6,iphone,0.909,1,4.09,17.21,,29.8,54.19,0.57,1.84,5.0,0.16,0.55,
2026.7.7,niijima,2,34.4126,139.27922,15,182,182,p,niijima2,11,folded_half,31.24,26.33,623.9,52.66,1247.8,iphone,0.898,1,2.62,17.5,,25.06,52.15,0.59,2.1,7.34,0.23,0.56,
2026.7.7,niijima,2,34.4126,139.27922,16,180,180,s,niijima2,9b,folded_half,29.53,27.23,617.3,54.46,1234.6,hand,,1,10.54,15.23,split_from_merged_pair,30.31,52.24,0.54,1.8,4.15,0.14,0.52,
2026.7.7,niijima,2,34.4126,139.27922,16,183,183,s,niijima2,12,folded_half,27.69,23.71,546.8,47.42,1093.6,iphone,0.931,1,2.4,14.93,,30.48,47.58,0.58,1.56,1.86,0.07,0.54,
2026.7.7,niijima,2,34.4126,139.27922,17,184,184,s,niijima2,13,folded_half,28.87,22.94,493.0,45.88,986.0,iphone,0.939,1,0.64,16.74,,25.4,45.04,0.63,1.81,4.4,0.15,0.58,
2026.7.7,niijima,2,34.4126,139.27922,18,185,185,s,niijima2,14,folded_half,28.53,25.57,533.1,51.14,1066.2,iphone,0.92,1,1.16,17.72,,26.42,50.46,0.56,1.94,5.25,0.18,0.62,
2026.7.7,niijima,2,34.4126,139.27922,18,186,186,s,niijima2,15,folded_half,26.84,23.79,487.5,47.58,975.0,iphone,0.92,1,0.41,15.56,,25.4,46.74,0.56,1.87,4.83,0.18,0.58,
2026.7.7,niijima,2,34.4126,139.27922,19,187,187,s,niijiama2-4,1,folded_half,25.15,20.4,435.1,40.8,870.2,iphone,0.931,1,1.01,8.15,,25.74,40.56,0.62,1.59,3.22,0.13,0.32,
2026.7.7,niijima,2,34.4126,139.27922,20,189,189,s,niijiama2-4,3,folded_half,25.32,17.1,361.7,34.2,723.4,iphone,0.933,0,0.02,13.28,,21.51,33.02,0.74,1.59,5.14,0.2,0.52,
2026.7.7,niijima,2,34.4126,139.27922,20,188,188,s,niijiama2-4,2,folded_half,24.81,19.98,365.5,39.96,731.0,iphone,0.888,0,0.18,12.89,,25.06,39.29,0.62,1.59,3.44,0.14,0.52,
2026.7.7,niijima,3,34.3847936,139.2562102,1,190,190,p,niijiama2-4,4,folded_half,24.98,19.56,401.2,39.12,802.4,iphone,0.943,0,0.05,16.26,,25.74,36.66,0.64,1.52,2.88,0.12,0.65,
2026.7.7,niijima,3,34.3847936,139.2562102,1,191,191,p,niijiama2-4,5,folded_half,27.16,24.61,479.7,49.22,959.4,iphone,0.93,0,0.18,16.04,,24.89,46.23,0.55,1.98,3.56,0.13,0.59,
2026.7.7,niijima,4,34.3733481,139.2634178,1,192,192,s,niijiama2-4,6,folded_half,24.72,19.3,399.0,38.6,798.0,iphone,0.914,1,8.18,15.7,,27.86,33.36,0.64,1.39,4.68,0.19,0.64,
2026.7.7,niijima,4,34.3733481,139.2634178,1,193,193,s,niijiama2-4,7,folded_half,24.55,21.51,457.9,43.02,915.8,iphone,0.905,1,5.62,15.17,,23.03,39.2,0.57,1.87,2.43,0.1,0.62,
2026.7.8,shikine,1,34.3330206,139.2142814,1,194,194,na,shikine1,1,opened_full,19.84,32.55,402.6,32.55,402.6,hand,,0,0.02,,,19.47,16.51,0.61,1.67,6.64,0.33,,
2026.7.8,shikine,1,34.3330206,139.2142814,2,195,195,p,shikine1,2,folded_half,26.84,20.57,381.9,41.14,763.8,iphone,0.833,0,0.0,15.98,,28.96,39.62,0.65,1.42,5.68,0.21,0.6,
2026.7.8,shikine,1,34.3330206,139.2142814,3,196,196,na,shikine1,3,folded_half,23.71,19.56,363.5,39.12,727.0,iphone,0.92,0,0.06,,,23.88,37.25,0.61,1.64,3.3,0.14,,
2026.7.8,shikine,1,34.3330206,139.2142814,3,197,197,p,shikine1,4,opened_full,22.97,40.9,594.9,40.9,594.9,iphone,0.683,0,0.0,13.86,low_iou_match,27.69,40.13,0.56,1.48,4.23,0.18,0.6,
2026.7.8,shikine,1,34.3330206,139.2142814,4,198,198,p,shikine1,5,opened_full,26.5,40.13,730.1,40.13,730.1,iphone,0.609,0,0.0,16.78,low_iou_match,24.47,33.27,0.66,1.64,6.01,0.23,0.63,
2026.7.8,shikine,1,34.3330206,139.2142814,5,199,199,p,shikine1,6,opened_full,43.1,55.71,1304.7,55.71,1304.7,iphone,0.523,1,4.61,17.98,low_iou_match,32.85,45.47,0.77,1.7,10.06,0.23,0.42,
2026.7.8,kozu,1,34.20873,139.13931,1,200,200,p,kozu1,1,opened_full,21.17,29.38,477.4,29.38,477.4,iphone,0.917,1,0.28,12.64,,20.66,28.11,0.72,1.42,3.89,0.18,0.6,
2026.7.8,kozu,1,34.20873,139.13931,1,201,201,p,kozu1,2,opened_full,22.52,28.36,481.7,28.36,481.7,iphone,0.954,1,1.2,15.93,,18.71,28.02,0.79,1.52,4.32,0.19,0.71,
2026.7.8,kozu,1,34.20873,139.13931,2,202,202,s,kozu1,3,opened_full,16.93,25.65,330.5,25.65,330.5,iphone,0.893,1,5.71,10.64,,15.92,24.47,0.66,1.61,2.71,0.16,0.63,
2026.7.8,kozu,1,34.20873,139.13931,3,203,203,s,kozu1,4,opened_full,16.43,28.96,365.3,28.96,365.3,iphone,0.894,1,1.26,11.03,,19.9,26.42,0.57,1.46,3.64,0.22,0.67,
2026.7.8,kozu,1,34.20873,139.13931,3,205,205,p,kozu1,6,opened_full,23.79,31.24,547.3,31.24,547.3,iphone,0.93,1,1.16,14.51,,21.25,30.82,0.76,1.47,5.47,0.23,0.61,
2026.7.8,kozu,1,34.20873,139.13931,4,204,204,s,kozu1,5,opened_full,15.83,23.11,289.9,23.11,289.9,iphone,0.928,0,0.2,11.63,,18.12,20.66,0.68,1.28,3.22,0.2,0.73,
2026.7.8,kozu,1,34.20873,139.13931,5,206,206,s,kozu1,7,opened_full,21.42,30.56,506.9,30.56,506.9,iphone,0.915,1,3.61,12.87,,21.38,29.72,0.7,1.43,3.98,0.19,0.6,
2026.7.8,kozu,1,34.20873,139.13931,6,207,207,p,kozu1,8,opened_full,24.21,31.24,580.0,31.24,580.0,iphone,0.898,1,0.63,14.65,,22.52,30.99,0.77,1.39,4.23,0.17,0.61,
2026.7.8,kozu,1,34.20873,139.13931,6,208,208,s,kozu1,9,opened_full,20.15,27.86,407.6,27.86,407.6,iphone,0.913,0,0.23,14.91,,20.07,27.52,0.72,1.39,3.32,0.16,0.74,
2026.7.8,kozu,1,34.20873,139.13931,7,209,209,s,kozu1,10,opened_full,18.97,27.86,411.4,27.86,411.4,iphone,0.888,1,0.89,12.72,,18.2,26.84,0.68,1.53,3.22,0.17,0.67,
2026.7.9,kozu,2,34.2233,139.13106,1,211,211,p,kozu2,2,opened_full,26.08,41.74,808.3,41.74,808.3,iphone,0.913,0,0.02,16.68,,26.42,33.61,0.62,1.58,6.94,0.27,0.64,
2026.7.9,kozu,2,34.2233,139.13106,1,210,210,p,kozu2,1,opened_full,26.25,41.66,768.6,41.66,768.6,iphone,0.888,1,0.54,16.84,,24.0,24.64,0.63,1.74,7.74,0.29,0.64,
2026.7.9,kozu,2,34.2233,139.13106,2,213,213,p,kozu2,4,opened_full,22.78,43.18,718.0,43.18,718.0,iphone,0.917,0,0.0,13.09,,25.36,26.12,0.53,1.7,6.94,0.3,0.57,
2026.7.9,kozu,2,34.2233,139.13106,3,212,212,s,kozu2,3,opened_full,25.74,40.72,718.7,40.72,718.7,iphone,0.916,1,1.14,15.08,,29.97,13.8,0.63,1.36,9.24,0.36,0.59,
2026.7.9,kozu,2,34.2233,139.13106,3,214,214,p,kozu2,5,opened_full,32.34,45.89,1080.1,45.89,1080.1,iphone,0.914,1,0.24,18.39,,31.16,44.96,0.7,1.47,7.19,0.22,0.57,
2026.7.9,kozu,2,34.2233,139.13106,4,215,215,p,kozu2,6,opened_full,32.43,49.7,1092.3,49.7,1092.3,iphone,0.931,1,0.22,17.33,,28.96,35.64,0.65,1.72,9.25,0.29,0.53,
2026.7.9,kozu,2,34.2233,139.13106,5,216,216,s,kozu2,7,opened_full,26.84,41.49,824.2,41.49,824.2,iphone,0.9,1,1.25,14.96,,29.63,33.23,0.65,1.4,7.97,0.3,0.56,
2026.7.9,kozu,2,34.2233,139.13106,5,217,217,p,kozu2,8,opened_full,26.5,43.43,800.5,43.43,800.5,iphone,0.923,1,0.71,15.0,,27.64,32.94,0.61,1.57,6.16,0.23,0.57,
2026.7.9,kozu,2,34.2233,139.13106,5,218,218,s,kozu2,9,opened_full,27.09,43.69,1005.7,43.69,1005.7,iphone,0.796,1,1.73,15.74,,23.88,42.16,0.62,1.83,5.84,0.22,0.58,
